"path","folderId","url"
"Resource Center","12d2zXtY_ii5ao8zhCd4hqMjW_aPjnM_W","https://drive.google.com/drive/folders/12d2zXtY_ii5ao8zhCd4hqMjW_aPjnM_W"
"Resource Center/Management","1UY6ZwiZK8-RRUYsiHyae1FoGDFmfPvcW","https://drive.google.com/drive/folders/1UY6ZwiZK8-RRUYsiHyae1FoGDFmfPvcW"
"Resource Center/Management/Compensation","1YFvb75qOHuWn9Eh4zvv0A2AkHz1jwR30","https://drive.google.com/drive/folders/1YFvb75qOHuWn9Eh4zvv0A2AkHz1jwR30"
"Resource Center/Management/Carrier Forms","1_UfPLAhZ3kTN4P4f1MXN0SpUJrdXYd8q","https://drive.google.com/drive/folders/1_UfPLAhZ3kTN4P4f1MXN0SpUJrdXYd8q"
"Resource Center/CRM","1Y4CCdpooLCAmkd1dLnwqJyULYNIdK9wJ","https://drive.google.com/drive/folders/1Y4CCdpooLCAmkd1dLnwqJyULYNIdK9wJ"
"Resource Center/ARCHIVES","1zD-6QfE4dIkUmx1HyRblFYhgZsTA2qbA","https://drive.google.com/drive/folders/1zD-6QfE4dIkUmx1HyRblFYhgZsTA2qbA"
"Resource Center/ARCHIVES/PY 2025","19kSU_EgP3Yohj2baZRS5VfXSQI62MJSj","https://drive.google.com/drive/folders/19kSU_EgP3Yohj2baZRS5VfXSQI62MJSj"
"Resource Center/ARCHIVES/PY 2025/Aetna","1bFg9bsKFzsoutxMryiHYcpo5A5TG5No3","https://drive.google.com/drive/folders/1bFg9bsKFzsoutxMryiHYcpo5A5TG5No3"
"Resource Center/ARCHIVES/PY 2025/Aetna/Contact Info","1XJroUa6O7Ezk9p6raw0nG9ZeCIT3p3Zc","https://drive.google.com/drive/folders/1XJroUa6O7Ezk9p6raw0nG9ZeCIT3p3Zc"
"Resource Center/ARCHIVES/PY 2025/Aetna/PY Materials","1XXgeOY6pBMqRbrTn69wykm_3-HUDI6W4","https://drive.google.com/drive/folders/1XXgeOY6pBMqRbrTn69wykm_3-HUDI6W4"
"Resource Center/ARCHIVES/PY 2025/Aetna/Commission","1HklNzZQYCUOmtfpaVuh4MVOL9xPV5OYV","https://drive.google.com/drive/folders/1HklNzZQYCUOmtfpaVuh4MVOL9xPV5OYV"
"Resource Center/ARCHIVES/PY 2025/WIP_FACTFINDER","1-1cid-DVI00JVn3c1BCAXfmGEKkw3E78","https://drive.google.com/drive/folders/1-1cid-DVI00JVn3c1BCAXfmGEKkw3E78"
"Resource Center/ARCHIVES/PY 2025/(5) MAY 2025","1ktcPqeGiPJDiTJmxo4A7nkgdsWA3Ju_U","https://drive.google.com/drive/folders/1ktcPqeGiPJDiTJmxo4A7nkgdsWA3Ju_U"
"Resource Center/ARCHIVES/PY 2025/(5) MAY 2025/05 12 2025","1dQoVf1ZOtdQOs_dPdR_VYQ8hlKqbGbnC","https://drive.google.com/drive/folders/1dQoVf1ZOtdQOs_dPdR_VYQ8hlKqbGbnC"
"Resource Center/ARCHIVES/PY 2025/(5) MAY 2025/05 19 2025","10jTH2My3IKIB2ZHDuKBCPucGfY0zTEFP","https://drive.google.com/drive/folders/10jTH2My3IKIB2ZHDuKBCPucGfY0zTEFP"
"Resource Center/ARCHIVES/PY 2025/(5) MAY 2025/05 05 2025","1ddJdb3bOY2YQJFlm7Mxaz29FIqt5Bxu2","https://drive.google.com/drive/folders/1ddJdb3bOY2YQJFlm7Mxaz29FIqt5Bxu2"
"Resource Center/ARCHIVES/PY 2025/(6) JUNE 2025","1gdoSwHVf22pSALhpBOE8vXf_q9PZPf4Y","https://drive.google.com/drive/folders/1gdoSwHVf22pSALhpBOE8vXf_q9PZPf4Y"
"Resource Center/ARCHIVES/PY 2025/(6) JUNE 2025/06 23 2025","1IBdHbvQc6YQOOMaNNNhY8LJazhGznhl2","https://drive.google.com/drive/folders/1IBdHbvQc6YQOOMaNNNhY8LJazhGznhl2"
"Resource Center/ARCHIVES/PY 2025/(6) JUNE 2025/06 09 2025","1tR-SpFflvQG2hXvufv-5jzPr6C2dUt4v","https://drive.google.com/drive/folders/1tR-SpFflvQG2hXvufv-5jzPr6C2dUt4v"
"Resource Center/ARCHIVES/PY 2025/(6) JUNE 2025/06 30 2025","1Jz44qIcUqgzk8EdLJbvAlCFEMNLofa0i","https://drive.google.com/drive/folders/1Jz44qIcUqgzk8EdLJbvAlCFEMNLofa0i"
"Resource Center/ARCHIVES/PY 2025/(6) JUNE 2025/06 02 2025","10FaYW3-6GvG4TuvlGMYEi3NMywcbxGJT","https://drive.google.com/drive/folders/10FaYW3-6GvG4TuvlGMYEi3NMywcbxGJT"
"Resource Center/ARCHIVES/PY 2025/(6) JUNE 2025/06 16 2025","1d24cWN95dzsb_FyXNKd6nNfgoanb3jV5","https://drive.google.com/drive/folders/1d24cWN95dzsb_FyXNKd6nNfgoanb3jV5"
"Resource Center/ARCHIVES/PY 2025/(7) JULY 2025","11pUfWaEtVYn5jGFzflTA_LK5DqQUIfmk","https://drive.google.com/drive/folders/11pUfWaEtVYn5jGFzflTA_LK5DqQUIfmk"
"Resource Center/ARCHIVES/PY 2025/(7) JULY 2025/07 21 2025","1T-yS1-Vu4UoVUWt51AAoy6FQCEwp85s7","https://drive.google.com/drive/folders/1T-yS1-Vu4UoVUWt51AAoy6FQCEwp85s7"
"Resource Center/ARCHIVES/PY 2025/(7) JULY 2025/07 14 2025","14fnx-F8By-sGLCMNLG5N9P0e9GKKORMJ","https://drive.google.com/drive/folders/14fnx-F8By-sGLCMNLG5N9P0e9GKKORMJ"
"Resource Center/ARCHIVES/PY 2025/(7) JULY 2025/07 28 2025","1CetJ2TEO6WRSsXXo0CGbSYL-DjoOezwZ","https://drive.google.com/drive/folders/1CetJ2TEO6WRSsXXo0CGbSYL-DjoOezwZ"
"Resource Center/ARCHIVES/PY 2025/(7) JULY 2025/07 07 2025","1LCqleuwJ6Ahm-cU-q4zXZm0J3cFiMkqO","https://drive.google.com/drive/folders/1LCqleuwJ6Ahm-cU-q4zXZm0J3cFiMkqO"
"Resource Center/ARCHIVES/PY 2022","1BlQ-5c34Y8ZNBiBeEFpzz4FeqAUPnFSB","https://drive.google.com/drive/folders/1BlQ-5c34Y8ZNBiBeEFpzz4FeqAUPnFSB"
"Resource Center/ARCHIVES/PY 2024","1NNvvlmAckYcDnqsaE9QUUNvaqaBvAYYz","https://drive.google.com/drive/folders/1NNvvlmAckYcDnqsaE9QUUNvaqaBvAYYz"
"Resource Center/ARCHIVES/PY 2024/Five Point Training","1Ulk8AgD6E0_qP-T4L3QD9hhtwFF_wQoM","https://drive.google.com/drive/folders/1Ulk8AgD6E0_qP-T4L3QD9hhtwFF_wQoM"
"Resource Center/ARCHIVES/PY 2023","1tB-wqggj6UzeHg_Poj1GQDRxpWknYhWO","https://drive.google.com/drive/folders/1tB-wqggj6UzeHg_Poj1GQDRxpWknYhWO"
"Resource Center/- Corporate_","1ccDhs085Z-ojiNWYEl8ObVnIf8Uhq9Jv","https://drive.google.com/drive/folders/1ccDhs085Z-ojiNWYEl8ObVnIf8Uhq9Jv"
"Resource Center/- Corporate_/TRAINING","1s_KqBEFGrsAFxMVRSNvPvWEaeEre8U1B","https://drive.google.com/drive/folders/1s_KqBEFGrsAFxMVRSNvPvWEaeEre8U1B"
"Resource Center/- Corporate_/TRAINING/5-POINT TRAINING (ONBOARDED)","1iZ7XH00RNnEhhGjJQMXODGxqnEuFrouI","https://drive.google.com/drive/folders/1iZ7XH00RNnEhhGjJQMXODGxqnEuFrouI"
"Resource Center/- Corporate_/TRAINING/5-POINT TRAINING (ONBOARDED)/5 Point Training","1Ldyk4X9TVD_7VrSRzbRGKoGnb22YS7jJ","https://drive.google.com/drive/folders/1Ldyk4X9TVD_7VrSRzbRGKoGnb22YS7jJ"
"Resource Center/- Corporate_/TRAINING/5-POINT TRAINING (ONBOARDED)/5 Point Training/Overview","171Bkpbrl0jTthyfOIf1l8V7CqLFcpho4","https://drive.google.com/drive/folders/171Bkpbrl0jTthyfOIf1l8V7CqLFcpho4"
"Resource Center/- Corporate_/TRAINING/5-POINT TRAINING (ONBOARDED)/5 Point Training/ACA U65","1zHu6hahTSYFaQQSUOS4gy9fQBzBNVSCC","https://drive.google.com/drive/folders/1zHu6hahTSYFaQQSUOS4gy9fQBzBNVSCC"
"Resource Center/- Corporate_/TRAINING/5-POINT TRAINING (ONBOARDED)/5 Point Training/ACA U65/Curriculm","1bklwtnVeqQsfRmqEozO3riYyt7hXKrJU","https://drive.google.com/drive/folders/1bklwtnVeqQsfRmqEozO3riYyt7hXKrJU"
"Resource Center/- Corporate_/TRAINING/5-POINT TRAINING (ONBOARDED)/5 Point Training/ACA U65/ACA U65 PLAN DESIGN ANOTOMY_APTC~CSR","1VQz12vBN1GcU6VcOJGLnIYQRjKlrKQjZ","https://drive.google.com/drive/folders/1VQz12vBN1GcU6VcOJGLnIYQRjKlrKQjZ"
"Resource Center/- Corporate_/TRAINING/5-POINT TRAINING (ONBOARDED)/Tools & Giveouts","1N26HU8L0LmSc4BQvbT2S95BLUUuN2m-M","https://drive.google.com/drive/folders/1N26HU8L0LmSc4BQvbT2S95BLUUuN2m-M"
"Resource Center/- Corporate_/TRAINING/5-POINT TRAINING (ONBOARDED)/Tools & Giveouts/PY2025","1akigsKPMgFhzs3w6XEHhLuYfyvYkkILH","https://drive.google.com/drive/folders/1akigsKPMgFhzs3w6XEHhLuYfyvYkkILH"
"Resource Center/- Corporate_/TRAINING/5-POINT TRAINING (ONBOARDED)/OEP 2026 Readiness Content","1OE8rFtfFsvqxnNsb8ZVsRQE-_0FcDETj","https://drive.google.com/drive/folders/1OE8rFtfFsvqxnNsb8ZVsRQE-_0FcDETj"
"Resource Center/- Corporate_/TRAINING/5-POINT TRAINING (ONBOARDED)/OEP 2026 Readiness Content/NEW","1C5wxfjn-PW1dMkNxn53EzgmHktDSHO4Q","https://drive.google.com/drive/folders/1C5wxfjn-PW1dMkNxn53EzgmHktDSHO4Q"
"Resource Center/- Corporate_/Marketing","1zosuhm7Dyi-w-tmuuQLUKQcbUvw8sl4l","https://drive.google.com/drive/folders/1zosuhm7Dyi-w-tmuuQLUKQcbUvw8sl4l"
"Resource Center/Support & Training","1_4B1oqtOJ37mP4-qUMm6P7YynzXVJF-L","https://drive.google.com/drive/folders/1_4B1oqtOJ37mP4-qUMm6P7YynzXVJF-L"
"Resource Center/Support & Training/Voluntary & Ancillary","1caMDyuMgwAclybVaAC_JlbTFf5M_bv7q","https://drive.google.com/drive/folders/1caMDyuMgwAclybVaAC_JlbTFf5M_bv7q"
"Resource Center/Support & Training/ACA","1icKvAHlFXDfYwNzAvfa1OwGKAmtv6enW","https://drive.google.com/drive/folders/1icKvAHlFXDfYwNzAvfa1OwGKAmtv6enW"
"Resource Center/Support & Training/Life Insurance & Related_","1ylyBg4XPBVFPDURUZ7eM6yDKPV-7fPWb","https://drive.google.com/drive/folders/1ylyBg4XPBVFPDURUZ7eM6yDKPV-7fPWb"
"Resource Center/Support & Training/SEG","1ZqizzTUUY6XPaGISkktcZoTOH_ORn0L5","https://drive.google.com/drive/folders/1ZqizzTUUY6XPaGISkktcZoTOH_ORn0L5"
"Resource Center/Support & Training/SEG/SelectHealth","1D4AOmFHJXcZCDU2JFK64fbAPhms2Ya4a","https://drive.google.com/drive/folders/1D4AOmFHJXcZCDU2JFK64fbAPhms2Ya4a"
"Resource Center/Support & Training/SEG/SilverPeak","1J2EpylOdpGw0nleoozTBa5_O0KcNE6gq","https://drive.google.com/drive/folders/1J2EpylOdpGw0nleoozTBa5_O0KcNE6gq"
"Resource Center/Support & Training/SEG/Optimyl","1mN29dIt9DCIT5doAnOZivpll4POgmMle","https://drive.google.com/drive/folders/1mN29dIt9DCIT5doAnOZivpll4POgmMle"
"Resource Center/Support & Training/SEG/HPN","1_zERs2XOM_0RqAebo_yiDdPxs1CLY7f8","https://drive.google.com/drive/folders/1_zERs2XOM_0RqAebo_yiDdPxs1CLY7f8"
"Resource Center/Support & Training/SEG/BASE","1irQG_5oBd3SkOwC-J-AUxV1lvIn-3uzl","https://drive.google.com/drive/folders/1irQG_5oBd3SkOwC-J-AUxV1lvIn-3uzl"
"Resource Center/Support & Training/SEG/Anthem","16CI9DFmt-y0Civ2DSRiTtk6UBtDhCogu","https://drive.google.com/drive/folders/16CI9DFmt-y0Civ2DSRiTtk6UBtDhCogu"
"Resource Center/Support & Training/SEG/APL","1RQyUhZoSuLs-LNVnQKlsKxkzuDpVqpfk","https://drive.google.com/drive/folders/1RQyUhZoSuLs-LNVnQKlsKxkzuDpVqpfk"
"Resource Center/Directory","13ARlflNXE2Cjlytbhko10K5iQFouaWJH","https://drive.google.com/drive/folders/13ARlflNXE2Cjlytbhko10K5iQFouaWJH"
"Resource Center/Directory/Life Insurance & Related_","18KJhhOnQpQJtwxWNRvsnByHHi4wEG6DG","https://drive.google.com/drive/folders/18KJhhOnQpQJtwxWNRvsnByHHi4wEG6DG"
"Resource Center/Directory/Life Insurance & Related_/TransAmerica","1YX3yeDhg1NXKQeOXGI2EZnOtsiUvj7zX","https://drive.google.com/drive/folders/1YX3yeDhg1NXKQeOXGI2EZnOtsiUvj7zX"
"Resource Center/Directory/Life Insurance & Related_/Plum","1S4Pn52RlfRHWiHDrYl15HmRA4X40vk_x","https://drive.google.com/drive/folders/1S4Pn52RlfRHWiHDrYl15HmRA4X40vk_x"
"Resource Center/Directory/Life Insurance & Related_/SBLI","17drHwyt4sRhiYgFrVwuQSXPFloB5qIWw","https://drive.google.com/drive/folders/17drHwyt4sRhiYgFrVwuQSXPFloB5qIWw"
"Resource Center/Directory/Life Insurance & Related_/One America","1epvJFC17j2_V1Y4G0-Ak3dgEINi53BE3","https://drive.google.com/drive/folders/1epvJFC17j2_V1Y4G0-Ak3dgEINi53BE3"
"Resource Center/Directory/Life Insurance & Related_/PacLife","1vQYG9EUxpl5ypMBxrU0gVkMnRVN6rlMg","https://drive.google.com/drive/folders/1vQYG9EUxpl5ypMBxrU0gVkMnRVN6rlMg"
"Resource Center/Directory/Life Insurance & Related_/Lincoln","1xAcRRW487udRQ-ZDnC1pfQE6DvFuXKrS","https://drive.google.com/drive/folders/1xAcRRW487udRQ-ZDnC1pfQE6DvFuXKrS"
"Resource Center/Directory/Life Insurance & Related_/Corebridge","1OLR6FLXW03wKg6z6S9l0RZHXkU53u3Hw","https://drive.google.com/drive/folders/1OLR6FLXW03wKg6z6S9l0RZHXkU53u3Hw"
"Resource Center/Directory/Life Insurance & Related_/Assurity","1Y13PWn3WVcPDsMO5fO5-zsZy0jPJi39J","https://drive.google.com/drive/folders/1Y13PWn3WVcPDsMO5fO5-zsZy0jPJi39J"
"Resource Center/Directory/Suppemental & Ancillary","1jOubwNir-YZw8aCCQM6sPUwyNNbePyrF","https://drive.google.com/drive/folders/1jOubwNir-YZw8aCCQM6sPUwyNNbePyrF"
"Resource Center/Directory/Suppemental & Ancillary/New Era_","1xAz9NTRWF0bQ7BUE1TmRjKfJoqLkPhAP","https://drive.google.com/drive/folders/1xAz9NTRWF0bQ7BUE1TmRjKfJoqLkPhAP"
"Resource Center/Directory/Suppemental & Ancillary/UHOne","1a_9FJJ7SE7sgbMiggg1GjjixjMPGm7g_","https://drive.google.com/drive/folders/1a_9FJJ7SE7sgbMiggg1GjjixjMPGm7g_"
"Resource Center/Directory/Dental & Vision","1n588LnRMElLVg_sTG9dcCcFYohLv4FPy","https://drive.google.com/drive/folders/1n588LnRMElLVg_sTG9dcCcFYohLv4FPy"
"Resource Center/Directory/Dental & Vision/NCD","1oi9owLEz2f5jE2xtA343Weu0hEZJlFgI","https://drive.google.com/drive/folders/1oi9owLEz2f5jE2xtA343Weu0hEZJlFgI"
"Resource Center/Directory/Dental & Vision/NCD/Vision","1LtzkFXhSvgm5br76AE-P8Ge7-9Q0f_7N","https://drive.google.com/drive/folders/1LtzkFXhSvgm5br76AE-P8Ge7-9Q0f_7N"
"Resource Center/Directory/Dental & Vision/NCD/Dental","1SqmmBbjK4KrnWRfsrMgDbppulV8icCEs","https://drive.google.com/drive/folders/1SqmmBbjK4KrnWRfsrMgDbppulV8icCEs"
"Resource Center/Directory/Dental & Vision/NCD/Accident","1EDQlxwrmk-rrikFiUGafq7cdAKg8FA9C","https://drive.google.com/drive/folders/1EDQlxwrmk-rrikFiUGafq7cdAKg8FA9C"
"Resource Center/Directory/Dental & Vision/Delta","1cQ12JYr7Ns8uR18qHyclAfHytm70dmrQ","https://drive.google.com/drive/folders/1cQ12JYr7Ns8uR18qHyclAfHytm70dmrQ"
"Resource Center/Directory/Dental & Vision/Anthem","1s9anZdaBjXHP5tJIs1wibIu87ZsVNRRo","https://drive.google.com/drive/folders/1s9anZdaBjXHP5tJIs1wibIu87ZsVNRRo"
"Resource Center/Directory/Dental & Vision/Ameritas","16oL6PCjhu5svo2QT-IMyXbo0Pj9DGy8k","https://drive.google.com/drive/folders/16oL6PCjhu5svo2QT-IMyXbo0Pj9DGy8k"
"Resource Center/Directory/SEG","1UCpFH_gMzeTJvZsigBLlR7PHgbhbC4w8","https://drive.google.com/drive/folders/1UCpFH_gMzeTJvZsigBLlR7PHgbhbC4w8"
"Resource Center/Directory/SEG/SelectHealth","1W9b80gAgK0-KkdeIEu5cN5DPTQ8gh9Qz","https://drive.google.com/drive/folders/1W9b80gAgK0-KkdeIEu5cN5DPTQ8gh9Qz"
"Resource Center/Directory/SEG/BASE Benefits","1QPuo64tSeJYjjPFeBUPiy-OYqe-GFYk0","https://drive.google.com/drive/folders/1QPuo64tSeJYjjPFeBUPiy-OYqe-GFYk0"
"Resource Center/Directory/SEG/APL","1fw-9qU1b93KUyjuHbhjkfEX80XBHvoD4","https://drive.google.com/drive/folders/1fw-9qU1b93KUyjuHbhjkfEX80XBHvoD4"
"Resource Center/Directory/SEG/Optimyl","1q1CAF8px7MXk2dukfbZDRlLgH3ShrTjA","https://drive.google.com/drive/folders/1q1CAF8px7MXk2dukfbZDRlLgH3ShrTjA"
"Resource Center/Directory/SEG/Clearwater","1YmOkU88xjHPWvcjWsY7qKOLVP_ZXZAoT","https://drive.google.com/drive/folders/1YmOkU88xjHPWvcjWsY7qKOLVP_ZXZAoT"
"Resource Center/Directory/SEG/Anthem","1CH9NiMDpO7A3bhOmx0sqJOmOBvuP2-4z","https://drive.google.com/drive/folders/1CH9NiMDpO7A3bhOmx0sqJOmOBvuP2-4z"
"Resource Center/Directory/SEG/HPN","1Svxrx2Qu1yqW_mONzhDoXcS6BRPZH-QC","https://drive.google.com/drive/folders/1Svxrx2Qu1yqW_mONzhDoXcS6BRPZH-QC"
"Resource Center/Directory/SEG/ Prominence","1muAlUmekkYKnT6rWp8trD-PZRtLqHTnR","https://drive.google.com/drive/folders/1muAlUmekkYKnT6rWp8trD-PZRtLqHTnR"
"Resource Center/Directory/Off-Exchange","1w49-L0W5csM504QqPvRVY0KWWOl6jcIC","https://drive.google.com/drive/folders/1w49-L0W5csM504QqPvRVY0KWWOl6jcIC"
"Resource Center/Directory/Off-Exchange/LIFEX","1xaeCdzlRysFo-2xsVmMsPZin-hXGQ9Ch","https://drive.google.com/drive/folders/1xaeCdzlRysFo-2xsVmMsPZin-hXGQ9Ch"
"Resource Center/Directory/Off-Exchange/SilverPeak","1IxwJyBMvwMa9T2OomWRGWlkv96PDFZvc","https://drive.google.com/drive/folders/1IxwJyBMvwMa9T2OomWRGWlkv96PDFZvc"
"Resource Center/Directory/ACA","1TOcAso3o7JgOAa0ErP-IXFbiJzS-5bXV","https://drive.google.com/drive/folders/1TOcAso3o7JgOAa0ErP-IXFbiJzS-5bXV"
"Resource Center/Directory/ACA/Imperial","1MhC-Mmg_g1xqeT6obF18QgIcM4j-d2kQ","https://drive.google.com/drive/folders/1MhC-Mmg_g1xqeT6obF18QgIcM4j-d2kQ"
"Resource Center/Directory/ACA/Imperial/PY2026","1OSGi7I7U_hB8gtiha_lde_uO0fJRc_j6","https://drive.google.com/drive/folders/1OSGi7I7U_hB8gtiha_lde_uO0fJRc_j6"
"Resource Center/Directory/ACA/Imperial/Commission","1883qROgkLQWKX-ylvIYKUmXTDo1jhk82","https://drive.google.com/drive/folders/1883qROgkLQWKX-ylvIYKUmXTDo1jhk82"
"Resource Center/Directory/ACA/Imperial/Contact Info","17Qid_BXEuCwMlbsdxt7vjaHKxuyJKVpq","https://drive.google.com/drive/folders/17Qid_BXEuCwMlbsdxt7vjaHKxuyJKVpq"
"Resource Center/Directory/ACA/Imperial/PY Materials","1JwlYivjNwLkpgc2TYTHlgMoA7OLDQuYW","https://drive.google.com/drive/folders/1JwlYivjNwLkpgc2TYTHlgMoA7OLDQuYW"
"Resource Center/Directory/ACA/Molina","1ZvLyR_TdLi16TEpZHzYNXfcMldccQxI4","https://drive.google.com/drive/folders/1ZvLyR_TdLi16TEpZHzYNXfcMldccQxI4"
"Resource Center/Directory/ACA/Molina/Contact Info","1x1dxdqvVZqiphoR4RlCQB1e-YhiN4AVy","https://drive.google.com/drive/folders/1x1dxdqvVZqiphoR4RlCQB1e-YhiN4AVy"
"Resource Center/Directory/ACA/Molina/Commission","1xqGH7wNzDvfH7CLjBS1uTMPBDg9t-O5t","https://drive.google.com/drive/folders/1xqGH7wNzDvfH7CLjBS1uTMPBDg9t-O5t"
"Resource Center/Directory/ACA/Molina/PY2026","1PIwt7FIkfltehTAV5OXrmznHj8pRh7Ux","https://drive.google.com/drive/folders/1PIwt7FIkfltehTAV5OXrmznHj8pRh7Ux"
"Resource Center/Directory/ACA/Molina/PY Materials","1wKReWZDFv7ZHDEUjjiRgxPCop9ltqrnq","https://drive.google.com/drive/folders/1wKReWZDFv7ZHDEUjjiRgxPCop9ltqrnq"
"Resource Center/Directory/ACA/SelectHealth","1r95ZNcbfi1SvelC67XSyb6PMTlyQ-DfI","https://drive.google.com/drive/folders/1r95ZNcbfi1SvelC67XSyb6PMTlyQ-DfI"
"Resource Center/Directory/ACA/SelectHealth/PY2026","1Y-Z2H3rHL3Alms0FHztlLsD_tvk1tgal","https://drive.google.com/drive/folders/1Y-Z2H3rHL3Alms0FHztlLsD_tvk1tgal"
"Resource Center/Directory/ACA/SelectHealth/SelectHealth Info Pack","1i4WbmO01-EHGlbx1Mqsqe1GSBYD5Tl3s","https://drive.google.com/drive/folders/1i4WbmO01-EHGlbx1Mqsqe1GSBYD5Tl3s"
"Resource Center/Directory/ACA/SelectHealth/Contact Info","1aKLweB5VL1nmhltplGVlIWu4xKKXxRhF","https://drive.google.com/drive/folders/1aKLweB5VL1nmhltplGVlIWu4xKKXxRhF"
"Resource Center/Directory/ACA/SelectHealth/PY Materials","1byh15okg2wyPMOUHFKpltBLnxnNBV3_D","https://drive.google.com/drive/folders/1byh15okg2wyPMOUHFKpltBLnxnNBV3_D"
"Resource Center/Directory/ACA/SelectHealth/Commission","12Ln8d4HgFjbkkBvWwgQehdkpdYWM5e18","https://drive.google.com/drive/folders/12Ln8d4HgFjbkkBvWwgQehdkpdYWM5e18"
"Resource Center/Directory/ACA/HPN","1S2OGXYTt4JCqhxuA875-RkX6NdKx4qTS","https://drive.google.com/drive/folders/1S2OGXYTt4JCqhxuA875-RkX6NdKx4qTS"
"Resource Center/Directory/ACA/HPN/HPN Info Pack","1yJhIFDZqjgPyAwtQdXqxs538BgZ0A6Oo","https://drive.google.com/drive/folders/1yJhIFDZqjgPyAwtQdXqxs538BgZ0A6Oo"
"Resource Center/Directory/ACA/HPN/PY Materials","1yyEB620TRv3YF1RBwxUrB50DhA9Q8XQS","https://drive.google.com/drive/folders/1yyEB620TRv3YF1RBwxUrB50DhA9Q8XQS"
"Resource Center/Directory/ACA/HPN/PY2026","1GfuoKp_2c1qwsd7WOBMM-AEM8JnLJbLq","https://drive.google.com/drive/folders/1GfuoKp_2c1qwsd7WOBMM-AEM8JnLJbLq"
"Resource Center/Directory/ACA/HPN/Contact Info","1wZnwjqxkOJ26xCFPCnljSzyJFk8gR9Mb","https://drive.google.com/drive/folders/1wZnwjqxkOJ26xCFPCnljSzyJFk8gR9Mb"
"Resource Center/Directory/ACA/HPN/Commission","1hhUfmG7hucoArT0ZnwuiMUF7mNggD8hY","https://drive.google.com/drive/folders/1hhUfmG7hucoArT0ZnwuiMUF7mNggD8hY"
"Resource Center/Directory/ACA/Hometown","1LxLONNTa3hk4ByvtntC_i8vrKqJ2G8vf","https://drive.google.com/drive/folders/1LxLONNTa3hk4ByvtntC_i8vrKqJ2G8vf"
"Resource Center/Directory/ACA/Hometown/PY Materials","118zSumT5ZD1nmXqfrIe4FDM2qqCOfLVK","https://drive.google.com/drive/folders/118zSumT5ZD1nmXqfrIe4FDM2qqCOfLVK"
"Resource Center/Directory/ACA/Hometown/Commission","15UP5Ao2ygBppXX98q7KCg7JM86Pc0RLc","https://drive.google.com/drive/folders/15UP5Ao2ygBppXX98q7KCg7JM86Pc0RLc"
"Resource Center/Directory/ACA/Hometown/Contact Info","1cJ-H_1-PQCNfyMLaNmPKe6jccB_Yqito","https://drive.google.com/drive/folders/1cJ-H_1-PQCNfyMLaNmPKe6jccB_Yqito"
"Resource Center/Directory/ACA/CareSource","1ONstkLhD51cjU9qtq5QWUyyjIaeMp-57","https://drive.google.com/drive/folders/1ONstkLhD51cjU9qtq5QWUyyjIaeMp-57"
"Resource Center/Directory/ACA/Anthem","18xHkVXHClp-EBbNzd2TTb-KIiOsdiCqY","https://drive.google.com/drive/folders/18xHkVXHClp-EBbNzd2TTb-KIiOsdiCqY"
"Resource Center/Directory/ACA/Anthem/PY2026","1YIjHp2ujbAzo3aF2Ia84_htoIp7pkMTW","https://drive.google.com/drive/folders/1YIjHp2ujbAzo3aF2Ia84_htoIp7pkMTW"
"Resource Center/Directory/ACA/Anthem/PY Materials","1c3O9kByV8-IjZ5MaG3On6GyxBMGA_4KX","https://drive.google.com/drive/folders/1c3O9kByV8-IjZ5MaG3On6GyxBMGA_4KX"
"Resource Center/Directory/ACA/Anthem/Anthem Info Pack","1OsZSfjwlD9W8wLIwLO5UyXCGfkx0qupP","https://drive.google.com/drive/folders/1OsZSfjwlD9W8wLIwLO5UyXCGfkx0qupP"
"Resource Center/Directory/ACA/Anthem/Contact Info","1YLEECXMsG9g7I1YVSVqu9R_-mrnP9Yl_","https://drive.google.com/drive/folders/1YLEECXMsG9g7I1YVSVqu9R_-mrnP9Yl_"
"Resource Center/Directory/ACA/Anthem/Commission","1Cm1S35PRC60gZnKergsd-4JxJ3xUWQAl","https://drive.google.com/drive/folders/1Cm1S35PRC60gZnKergsd-4JxJ3xUWQAl"
"Resource Center/Directory/ACA/BBSP","1mqEOt_ZBL_VkhxFiGwzKCkuZHzpIdQkA","https://drive.google.com/drive/folders/1mqEOt_ZBL_VkhxFiGwzKCkuZHzpIdQkA"
"Resource Center/Directory/ACA/Ambetter","1aKKlnn2wFgUS9cpRo8HONxkgFVA2J6yY","https://drive.google.com/drive/folders/1aKKlnn2wFgUS9cpRo8HONxkgFVA2J6yY"
"Resource Center/Directory/ACA/Ambetter/PY2026","1Bx4j0OuqfJ0ocWxETlx3u-t7lvz1Nglq","https://drive.google.com/drive/folders/1Bx4j0OuqfJ0ocWxETlx3u-t7lvz1Nglq"
"Resource Center/Directory/ACA/Ambetter/Commission","1l5RJwk7eluQ1_DJax2t7Ut3o8XmbQh4S","https://drive.google.com/drive/folders/1l5RJwk7eluQ1_DJax2t7Ut3o8XmbQh4S"
"Resource Center/Directory/ACA/Ambetter/PY Materials","15mUUrswFPrXgf3mlAMrslWY2RUgPkUdw","https://drive.google.com/drive/folders/15mUUrswFPrXgf3mlAMrslWY2RUgPkUdw"
"Resource Center/Directory/ACA/Ambetter/Ambetter Info Pack","1j3GhI3Bs3XQKlxzVq33j2U9qXfWzsc-T","https://drive.google.com/drive/folders/1j3GhI3Bs3XQKlxzVq33j2U9qXfWzsc-T"
"Resource Center/Directory/ACA/Ambetter/Contact Info","1mMMvfI7oR9bzfD0Zj3G8qup0F1zlF-Sf","https://drive.google.com/drive/folders/1mMMvfI7oR9bzfD0Zj3G8qup0F1zlF-Sf"
"Resource Center/Administrative","1HbMcCEOSOvZR6Lu2HBmmPb8IFUlchQQl","https://drive.google.com/drive/folders/1HbMcCEOSOvZR6Lu2HBmmPb8IFUlchQQl"
"Resource Center/Administrative/Commissions","1bvSwwOFlURS6L2SG6HIUsUI6kEFs7icw","https://drive.google.com/drive/folders/1bvSwwOFlURS6L2SG6HIUsUI6kEFs7icw"
"Resource Center/Administrative/Commissions/ProtectLife","150GXj59AQUzx9HmiJ_ml_LHQ8JfUpOLO","https://drive.google.com/drive/folders/150GXj59AQUzx9HmiJ_ml_LHQ8JfUpOLO"
"Resource Center/Administrative/NVHL","10hIKCKr9SwCRAu29Dj-3oQtL0hr-tgGz","https://drive.google.com/drive/folders/10hIKCKr9SwCRAu29Dj-3oQtL0hr-tgGz"
"Resource Center/Administrative/NVHL/Nevada Health Link","1_sa6ywjvMh87WigMGQQEGmVZVSFyLfs1","https://drive.google.com/drive/folders/1_sa6ywjvMh87WigMGQQEGmVZVSFyLfs1"
"Resource Center/Administrative/PH Logo","1a2fpW-DJCCAg7hUGtX5YgunNs4M6XZ2b","https://drive.google.com/drive/folders/1a2fpW-DJCCAg7hUGtX5YgunNs4M6XZ2b"